,Project_ID,Month,Forecast_Cost,Actual_Cost,Depreciation_This_Month,Status,Project_Name,Department,Start_Date,End_Date,Initial_Budget,Depreciation_Years
0,P001,2024-09-01,435301.75,429283.08,56678.57,Over Budget,Radar System Upgrade,Maintenance,2024-09-01,2025-07-01,4761000.0,7
1,P001,2024-10-01,436056.62,502469.35,56678.57,Over Budget,Radar System Upgrade,Maintenance,2024-09-01,2025-07-01,4761000.0,7
2,P001,2024-11-01,431647.41,421540.94999999995,56678.57,On Track,Radar System Upgrade,Maintenance,2024-09-01,2025-07-01,4761000.0,7
3,P001,2024-12-01,440714.25,474536.19,56678.57,Delayed,Radar System Upgrade,Maintenance,2024-09-01,2025-07-01,4761000.0,7
4,P001,2025-01-01,430470.81,453826.44,56678.57,Delayed,Radar System Upgrade,Maintenance,2024-09-01,2025-07-01,4761000.0,7
5,P001,2025-02-01,430501.09,410451.37,56678.57,Under Review,Radar System Upgrade,Maintenance,2024-09-01,2025-07-01,4761000.0,7
6,P001,2025-03-01,434027.99,350986.27,56678.57,Delayed,Radar System Upgrade,Maintenance,2024-09-01,2025-07-01,4761000.0,7
7,P001,2025-04-01,424193.59,400341.71,56678.57,On Track,Radar System Upgrade,Maintenance,2024-09-01,2025-07-01,4761000.0,7
8,P001,2025-05-01,427754.03,441196.09,56678.57,Delayed,Radar System Upgrade,Maintenance,2024-09-01,2025-07-01,4761000.0,7
9,P001,2025-06-01,428278.06,367792.19,56678.57,On Track,Radar System Upgrade,Maintenance,2024-09-01,2025-07-01,4761000.0,7
10,P002,2024-12-01,256128.24,250345.47,69111.11,On Track,New Hangar Construction,Operations,2024-12-01,2025-09-01,2488000.0,3
11,P002,2025-01-01,249137.64,213641.80000000002,69111.11,Delayed,New Hangar Construction,Operations,2024-12-01,2025-09-01,2488000.0,3
12,P002,2025-02-01,246078.09,248807.65,69111.11,Delayed,New Hangar Construction,Operations,2024-12-01,2025-09-01,2488000.0,3
13,P002,2025-03-01,243045.03,252176.18,69111.11,On Track,New Hangar Construction,Operations,2024-12-01,2025-09-01,2488000.0,3
14,P002,2025-04-01,245796.81,238627.07,69111.11,On Track,New Hangar Construction,Operations,2024-12-01,2025-09-01,2488000.0,3
15,P002,2025-05-01,245791.47,291318.89,69111.11,On Track,New Hangar Construction,Operations,2024-12-01,2025-09-01,2488000.0,3
16,P002,2025-06-01,248732.51,222423.80000000002,69111.11,Delayed,New Hangar Construction,Operations,2024-12-01,2025-09-01,2488000.0,3
17,P002,2025-07-01,252912.72,222036.03,69111.11,On Track,New Hangar Construction,Operations,2024-12-01,2025-09-01,2488000.0,3
18,P002,2025-08-01,249844.32,200883.08000000002,69111.11,On Track,New Hangar Construction,Operations,2024-12-01,2025-09-01,2488000.0,3
19,P003,2024-07-01,108569.6,110706.91,26059.52,Delayed,IT Infrastructure Overhaul,Facilities,2024-07-01,2026-01-01,2189000.0,7
20,P003,2024-08-01,118902.86,120940.48,26059.52,On Track,IT Infrastructure Overhaul,Facilities,2024-07-01,2026-01-01,2189000.0,7
21,P003,2024-09-01,114632.28,111180.66,26059.52,On Track,IT Infrastructure Overhaul,Facilities,2024-07-01,2026-01-01,2189000.0,7
22,P003,2024-10-01,107817.92,100056.70999999999,26059.52,Delayed,IT Infrastructure Overhaul,Facilities,2024-07-01,2026-01-01,2189000.0,7
23,P003,2024-11-01,112907.33,124843.01000000001,26059.52,Delayed,IT Infrastructure Overhaul,Facilities,2024-07-01,2026-01-01,2189000.0,7
24,P003,2024-12-01,116928.62,96313.62999999999,26059.52,Over Budget,IT Infrastructure Overhaul,Facilities,2024-07-01,2026-01-01,2189000.0,7
25,P003,2025-01-01,116830.95,112332.0,26059.52,On Track,IT Infrastructure Overhaul,Facilities,2024-07-01,2026-01-01,2189000.0,7
26,P003,2025-02-01,111825.92,118666.05,26059.52,On Track,IT Infrastructure Overhaul,Facilities,2024-07-01,2026-01-01,2189000.0,7
27,P003,2025-03-01,120365.52,131574.92,26059.52,On Track,IT Infrastructure Overhaul,Facilities,2024-07-01,2026-01-01,2189000.0,7
28,P003,2025-04-01,111014.44,107581.74,26059.52,Delayed,IT Infrastructure Overhaul,Facilities,2024-07-01,2026-01-01,2189000.0,7
29,P003,2025-05-01,116866.84,128267.73,26059.52,Over Budget,IT Infrastructure Overhaul,Facilities,2024-07-01,2026-01-01,2189000.0,7
30,P003,2025-06-01,112814.66,110720.15000000001,26059.52,On Track,IT Infrastructure Overhaul,Facilities,2024-07-01,2026-01-01,2189000.0,7
31,P003,2025-07-01,109678.85,96558.99,26059.52,On Track,IT Infrastructure Overhaul,Facilities,2024-07-01,2026-01-01,2189000.0,7
32,P003,2025-08-01,119273.16,135449.46,26059.52,On Track,IT Infrastructure Overhaul,Facilities,2024-07-01,2026-01-01,2189000.0,7
33,P003,2025-09-01,114850.48,126376.09999999999,26059.52,Delayed,IT Infrastructure Overhaul,Facilities,2024-07-01,2026-01-01,2189000.0,7
34,P003,2025-10-01,117018.71,109469.6,26059.52,On Track,IT Infrastructure Overhaul,Facilities,2024-07-01,2026-01-01,2189000.0,7
35,P003,2025-11-01,117017.5,135015.22,26059.52,On Track,IT Infrastructure Overhaul,Facilities,2024-07-01,2026-01-01,2189000.0,7
36,P003,2025-12-01,115031.4,133029.72,26059.52,On Track,IT Infrastructure Overhaul,Facilities,2024-07-01,2026-01-01,2189000.0,7
37,P004,2024-11-01,116537.64,126115.9,23766.67,On Track,Flight Simulators,Engineering,2024-11-01,2025-09-01,1426000.0,5
38,P004,2024-12-01,130071.6,126182.36,23766.67,On Track,Flight Simulators,Engineering,2024-11-01,2025-09-01,1426000.0,5
39,P004,2025-01-01,130095.17,104237.86,23766.67,On Track,Flight Simulators,Engineering,2024-11-01,2025-09-01,1426000.0,5
40,P004,2025-02-01,128538.0,133128.25,23766.67,On Track,Flight Simulators,Engineering,2024-11-01,2025-09-01,1426000.0,5
41,P004,2025-03-01,137025.83,129924.18999999999,23766.67,On Track,Flight Simulators,Engineering,2024-11-01,2025-09-01,1426000.0,5
42,P004,2025-04-01,125593.9,119292.14,23766.67,Over Budget,Flight Simulators,Engineering,2024-11-01,2025-09-01,1426000.0,5
43,P004,2025-05-01,134213.37,138625.65,23766.67,Delayed,Flight Simulators,Engineering,2024-11-01,2025-09-01,1426000.0,5
44,P004,2025-06-01,126987.56,133505.41999999998,23766.67,On Track,Flight Simulators,Engineering,2024-11-01,2025-09-01,1426000.0,5
45,P004,2025-07-01,130121.75,142725.93,23766.67,Delayed,Flight Simulators,Engineering,2024-11-01,2025-09-01,1426000.0,5
46,P004,2025-08-01,126126.1,121993.43000000001,23766.67,On Track,Flight Simulators,Engineering,2024-11-01,2025-09-01,1426000.0,5
47,P005,2024-08-01,262039.46,223689.59,56571.43,On Track,Manufacturing Equipment Upgrade,Operations,2024-08-01,2026-01-01,4752000.0,7
48,P005,2024-09-01,265480.6,272411.11,56571.43,On Track,Manufacturing Equipment Upgrade,Operations,2024-08-01,2026-01-01,4752000.0,7
49,P005,2024-10-01,264025.57,257831.87,56571.43,On Track,Manufacturing Equipment Upgrade,Operations,2024-08-01,2026-01-01,4752000.0,7
50,P005,2024-11-01,256923.15,246115.8,56571.43,On Track,Manufacturing Equipment Upgrade,Operations,2024-08-01,2026-01-01,4752000.0,7
51,P005,2024-12-01,262286.43,241243.78999999998,56571.43,On Track,Manufacturing Equipment Upgrade,Operations,2024-08-01,2026-01-01,4752000.0,7
52,P005,2025-01-01,263193.57,273827.93,56571.43,On Track,Manufacturing Equipment Upgrade,Operations,2024-08-01,2026-01-01,4752000.0,7
53,P005,2025-02-01,273430.93,278204.43,56571.43,On Track,Manufacturing Equipment Upgrade,Operations,2024-08-01,2026-01-01,4752000.0,7
54,P005,2025-03-01,265287.75,263312.79,56571.43,On Track,Manufacturing Equipment Upgrade,Operations,2024-08-01,2026-01-01,4752000.0,7
55,P005,2025-04-01,254406.14,253731.61000000002,56571.43,On Track,Manufacturing Equipment Upgrade,Operations,2024-08-01,2026-01-01,4752000.0,7
56,P005,2025-05-01,264301.15,329404.92000000004,56571.43,On Track,Manufacturing Equipment Upgrade,Operations,2024-08-01,2026-01-01,4752000.0,7
57,P005,2025-06-01,263038.2,270970.05,56571.43,On Track,Manufacturing Equipment Upgrade,Operations,2024-08-01,2026-01-01,4752000.0,7
58,P005,2025-07-01,263826.44,232993.62,56571.43,On Track,Manufacturing Equipment Upgrade,Operations,2024-08-01,2026-01-01,4752000.0,7
59,P005,2025-08-01,269714.11,289994.8,56571.43,On Track,Manufacturing Equipment Upgrade,Operations,2024-08-01,2026-01-01,4752000.0,7
60,P005,2025-09-01,267955.16,243587.64999999997,56571.43,On Track,Manufacturing Equipment Upgrade,Operations,2024-08-01,2026-01-01,4752000.0,7
61,P005,2025-10-01,271013.97,233021.84999999998,56571.43,On Track,Manufacturing Equipment Upgrade,Operations,2024-08-01,2026-01-01,4752000.0,7
62,P005,2025-11-01,266934.29,325405.06,56571.43,On Track,Manufacturing Equipment Upgrade,Operations,2024-08-01,2026-01-01,4752000.0,7
63,P005,2025-12-01,259047.32,244377.53,56571.43,On Track,Manufacturing Equipment Upgrade,Operations,2024-08-01,2026-01-01,4752000.0,7
64,P006,2024-02-01,71450.64,67853.27,41388.89,Delayed,Energy Efficiency Initiative,Maintenance,2024-02-01,2025-10-01,1490000.0,3
65,P006,2024-03-01,63199.06,63632.369999999995,41388.89,On Track,Energy Efficiency Initiative,Maintenance,2024-02-01,2025-10-01,1490000.0,3
66,P006,2024-04-01,65640.86,68749.56,41388.89,Delayed,Energy Efficiency Initiative,Maintenance,2024-02-01,2025-10-01,1490000.0,3
67,P006,2024-05-01,66355.26,76639.89,41388.89,Over Budget,Energy Efficiency Initiative,Maintenance,2024-02-01,2025-10-01,1490000.0,3
68,P006,2024-06-01,67036.11,64877.13,41388.89,Delayed,Energy Efficiency Initiative,Maintenance,2024-02-01,2025-10-01,1490000.0,3
69,P006,2024-07-01,75019.97,65786.03,41388.89,Delayed,Energy Efficiency Initiative,Maintenance,2024-02-01,2025-10-01,1490000.0,3
70,P006,2024-08-01,72089.68,81512.82999999999,41388.89,On Track,Energy Efficiency Initiative,Maintenance,2024-02-01,2025-10-01,1490000.0,3
71,P006,2024-09-01,62914.96,64076.58,41388.89,On Track,Energy Efficiency Initiative,Maintenance,2024-02-01,2025-10-01,1490000.0,3
72,P006,2024-10-01,72251.79,77900.59999999999,41388.89,Over Budget,Energy Efficiency Initiative,Maintenance,2024-02-01,2025-10-01,1490000.0,3
73,P006,2024-11-01,64767.63,56215.35,41388.89,On Track,Energy Efficiency Initiative,Maintenance,2024-02-01,2025-10-01,1490000.0,3
74,P006,2024-12-01,73562.09,75746.76999999999,41388.89,Delayed,Energy Efficiency Initiative,Maintenance,2024-02-01,2025-10-01,1490000.0,3
75,P006,2025-01-01,72204.85,74706.37000000001,41388.89,Delayed,Energy Efficiency Initiative,Maintenance,2024-02-01,2025-10-01,1490000.0,3
76,P006,2025-02-01,67552.26,69121.18999999999,41388.89,On Track,Energy Efficiency Initiative,Maintenance,2024-02-01,2025-10-01,1490000.0,3
77,P006,2025-03-01,72417.74,67244.57,41388.89,On Track,Energy Efficiency Initiative,Maintenance,2024-02-01,2025-10-01,1490000.0,3
78,P006,2025-04-01,80281.25,84085.24,41388.89,On Track,Energy Efficiency Initiative,Maintenance,2024-02-01,2025-10-01,1490000.0,3
79,P006,2025-05-01,64995.86,69263.19,41388.89,On Track,Energy Efficiency Initiative,Maintenance,2024-02-01,2025-10-01,1490000.0,3
80,P006,2025-06-01,66078.97,71279.94,41388.89,Delayed,Energy Efficiency Initiative,Maintenance,2024-02-01,2025-10-01,1490000.0,3
81,P006,2025-07-01,76745.36,70447.0,41388.89,On Track,Energy Efficiency Initiative,Maintenance,2024-02-01,2025-10-01,1490000.0,3
82,P006,2025-08-01,75769.26,78896.87,41388.89,On Track,Energy Efficiency Initiative,Maintenance,2024-02-01,2025-10-01,1490000.0,3
83,P006,2025-09-01,75062.68,89300.51999999999,41388.89,Over Budget,Energy Efficiency Initiative,Maintenance,2024-02-01,2025-10-01,1490000.0,3
84,P007,2024-06-01,50623.06,46807.42,28805.56,On Track,Data Center Expansion,Operations,2024-06-01,2026-01-01,1037000.0,3
85,P007,2024-07-01,47402.43,43535.29,28805.56,On Track,Data Center Expansion,Operations,2024-06-01,2026-01-01,1037000.0,3
86,P007,2024-08-01,51464.49,53220.21,28805.56,On Track,Data Center Expansion,Operations,2024-06-01,2026-01-01,1037000.0,3
87,P007,2024-09-01,53233.45,57636.829999999994,28805.56,Over Budget,Data Center Expansion,Operations,2024-06-01,2026-01-01,1037000.0,3
88,P007,2024-10-01,51915.01,59461.03,28805.56,On Track,Data Center Expansion,Operations,2024-06-01,2026-01-01,1037000.0,3
89,P007,2024-11-01,50526.72,64270.840000000004,28805.56,On Track,Data Center Expansion,Operations,2024-06-01,2026-01-01,1037000.0,3
90,P007,2024-12-01,54978.34,50265.829999999994,28805.56,On Track,Data Center Expansion,Operations,2024-06-01,2026-01-01,1037000.0,3
91,P007,2025-01-01,46495.54,48738.82,28805.56,On Track,Data Center Expansion,Operations,2024-06-01,2026-01-01,1037000.0,3
92,P007,2025-02-01,50732.69,54355.01,28805.56,Delayed,Data Center Expansion,Operations,2024-06-01,2026-01-01,1037000.0,3
93,P007,2025-03-01,54216.19,53821.340000000004,28805.56,On Track,Data Center Expansion,Operations,2024-06-01,2026-01-01,1037000.0,3
94,P007,2025-04-01,47616.03,40402.93,28805.56,Over Budget,Data Center Expansion,Operations,2024-06-01,2026-01-01,1037000.0,3
95,P007,2025-05-01,49617.43,53866.66,28805.56,Delayed,Data Center Expansion,Operations,2024-06-01,2026-01-01,1037000.0,3
96,P007,2025-06-01,52920.47,46327.96,28805.56,On Track,Data Center Expansion,Operations,2024-06-01,2026-01-01,1037000.0,3
97,P007,2025-07-01,52715.9,54747.14,28805.56,On Track,Data Center Expansion,Operations,2024-06-01,2026-01-01,1037000.0,3
98,P007,2025-08-01,47430.71,48159.84,28805.56,On Track,Data Center Expansion,Operations,2024-06-01,2026-01-01,1037000.0,3
99,P007,2025-09-01,52141.04,46181.47,28805.56,On Track,Data Center Expansion,Operations,2024-06-01,2026-01-01,1037000.0,3
100,P007,2025-10-01,53638.94,56646.93,28805.56,On Track,Data Center Expansion,Operations,2024-06-01,2026-01-01,1037000.0,3
101,P007,2025-11-01,57265.26,63299.880000000005,28805.56,Delayed,Data Center Expansion,Operations,2024-06-01,2026-01-01,1037000.0,3
102,P007,2025-12-01,44961.65,40745.03,28805.56,On Track,Data Center Expansion,Operations,2024-06-01,2026-01-01,1037000.0,3
103,P008,2024-10-01,79575.18,83663.64,19250.0,On Track,Runway Maintenance,IT,2024-10-01,2025-06-01,693000.0,3
104,P008,2024-11-01,79575.24,110233.44,19250.0,On Track,Runway Maintenance,IT,2024-10-01,2025-06-01,693000.0,3
105,P008,2024-12-01,79854.45,88922.45,19250.0,On Track,Runway Maintenance,IT,2024-10-01,2025-06-01,693000.0,3
106,P008,2025-01-01,81770.01,87096.44,19250.0,Over Budget,Runway Maintenance,IT,2024-10-01,2025-06-01,693000.0,3
107,P008,2025-02-01,75423.65,81148.06999999999,19250.0,Under Review,Runway Maintenance,IT,2024-10-01,2025-06-01,693000.0,3
108,P008,2025-03-01,73135.87,71403.87999999999,19250.0,On Track,Runway Maintenance,IT,2024-10-01,2025-06-01,693000.0,3
109,P008,2025-04-01,74573.18,75183.73999999999,19250.0,On Track,Runway Maintenance,IT,2024-10-01,2025-06-01,693000.0,3
110,P008,2025-05-01,88573.29,72034.31,19250.0,Under Review,Runway Maintenance,IT,2024-10-01,2025-06-01,693000.0,3
111,P009,2024-11-01,574717.02,482031.49,111083.33,Over Budget,Security System Enhancement,Facilities,2024-11-01,2025-05-01,3999000.0,3
112,P009,2024-12-01,568926.05,630879.29,111083.33,Delayed,Security System Enhancement,Facilities,2024-11-01,2025-05-01,3999000.0,3
113,P009,2025-01-01,571607.11,510002.44999999995,111083.33,On Track,Security System Enhancement,Facilities,2024-11-01,2025-05-01,3999000.0,3
114,P009,2025-02-01,567709.2,606290.59,111083.33,On Track,Security System Enhancement,Facilities,2024-11-01,2025-05-01,3999000.0,3
115,P009,2025-03-01,567633.88,579920.8,111083.33,On Track,Security System Enhancement,Facilities,2024-11-01,2025-05-01,3999000.0,3
116,P009,2025-04-01,571513.57,534273.73,111083.33,On Track,Security System Enhancement,Facilities,2024-11-01,2025-05-01,3999000.0,3
117,P010,2024-08-01,314356.08,334283.71,55666.67,Over Budget,Communication Tower Upgrade,Engineering,2024-08-01,2025-06-01,3340000.0,5
118,P010,2024-09-01,293510.65,298983.28,55666.67,On Track,Communication Tower Upgrade,Engineering,2024-08-01,2025-06-01,3340000.0,5
119,P010,2024-10-01,300327.43,325928.33999999997,55666.67,On Track,Communication Tower Upgrade,Engineering,2024-08-01,2025-06-01,3340000.0,5
120,P010,2024-11-01,299673.76,296235.41000000003,55666.67,On Track,Communication Tower Upgrade,Engineering,2024-08-01,2025-06-01,3340000.0,5
121,P010,2024-12-01,306161.3,332667.37,55666.67,Delayed,Communication Tower Upgrade,Engineering,2024-08-01,2025-06-01,3340000.0,5
122,P010,2025-01-01,297634.88,287678.96,55666.67,On Track,Communication Tower Upgrade,Engineering,2024-08-01,2025-06-01,3340000.0,5
123,P010,2025-02-01,301261.64,281579.34,55666.67,On Track,Communication Tower Upgrade,Engineering,2024-08-01,2025-06-01,3340000.0,5
124,P010,2025-03-01,312463.63,325117.84,55666.67,On Track,Communication Tower Upgrade,Engineering,2024-08-01,2025-06-01,3340000.0,5
125,P010,2025-04-01,297331.94,324622.91000000003,55666.67,On Track,Communication Tower Upgrade,Engineering,2024-08-01,2025-06-01,3340000.0,5
126,P010,2025-05-01,314247.14,346692.07,55666.67,On Track,Communication Tower Upgrade,Engineering,2024-08-01,2025-06-01,3340000.0,5
127,P011,2024-05-01,143212.67,136277.82,87972.22,On Track,Aircraft Modification,Maintenance,2024-05-01,2026-01-01,3167000.0,3
128,P011,2024-06-01,157144.08,146023.46999999997,87972.22,On Track,Aircraft Modification,Maintenance,2024-05-01,2026-01-01,3167000.0,3
129,P011,2024-07-01,153028.62,164882.74,87972.22,On Track,Aircraft Modification,Maintenance,2024-05-01,2026-01-01,3167000.0,3
130,P011,2024-08-01,146174.87,145304.76,87972.22,On Track,Aircraft Modification,Maintenance,2024-05-01,2026-01-01,3167000.0,3
131,P011,2024-09-01,134603.19,120814.61,87972.22,On Track,Aircraft Modification,Maintenance,2024-05-01,2026-01-01,3167000.0,3
132,P011,2024-10-01,149546.68,130886.5,87972.22,On Track,Aircraft Modification,Maintenance,2024-05-01,2026-01-01,3167000.0,3
133,P011,2024-11-01,158971.58,136236.4,87972.22,On Track,Aircraft Modification,Maintenance,2024-05-01,2026-01-01,3167000.0,3
134,P011,2024-12-01,148609.3,150552.22999999998,87972.22,On Track,Aircraft Modification,Maintenance,2024-05-01,2026-01-01,3167000.0,3
135,P011,2025-01-01,158015.89,135326.99000000002,87972.22,Over Budget,Aircraft Modification,Maintenance,2024-05-01,2026-01-01,3167000.0,3
136,P011,2025-02-01,156625.34,156785.62,87972.22,Over Budget,Aircraft Modification,Maintenance,2024-05-01,2026-01-01,3167000.0,3
137,P011,2025-03-01,145901.98,152644.16,87972.22,Over Budget,Aircraft Modification,Maintenance,2024-05-01,2026-01-01,3167000.0,3
138,P011,2025-04-01,151804.82,142693.24000000002,87972.22,On Track,Aircraft Modification,Maintenance,2024-05-01,2026-01-01,3167000.0,3
139,P011,2025-05-01,151158.53,145334.19,87972.22,On Track,Aircraft Modification,Maintenance,2024-05-01,2026-01-01,3167000.0,3
140,P011,2025-06-01,151377.11,161400.25,87972.22,On Track,Aircraft Modification,Maintenance,2024-05-01,2026-01-01,3167000.0,3
141,P011,2025-07-01,158739.61,139090.58,87972.22,Delayed,Aircraft Modification,Maintenance,2024-05-01,2026-01-01,3167000.0,3
142,P011,2025-08-01,161474.69,129953.41,87972.22,Delayed,Aircraft Modification,Maintenance,2024-05-01,2026-01-01,3167000.0,3
143,P011,2025-09-01,150050.6,158878.33000000002,87972.22,Delayed,Aircraft Modification,Maintenance,2024-05-01,2026-01-01,3167000.0,3
144,P011,2025-10-01,152214.48,142736.09000000003,87972.22,Delayed,Aircraft Modification,Maintenance,2024-05-01,2026-01-01,3167000.0,3
145,P011,2025-11-01,149768.91,142385.29,87972.22,Delayed,Aircraft Modification,Maintenance,2024-05-01,2026-01-01,3167000.0,3
146,P011,2025-12-01,147862.7,160425.15000000002,87972.22,On Track,Aircraft Modification,Maintenance,2024-05-01,2026-01-01,3167000.0,3
147,P012,2024-09-01,146070.79,135949.40000000002,24047.62,On Track,Training Facility Expansion,Operations,2024-09-01,2025-10-01,2020000.0,7
148,P012,2024-10-01,148783.71,153355.83,24047.62,Delayed,Training Facility Expansion,Operations,2024-09-01,2025-10-01,2020000.0,7
149,P012,2024-11-01,148350.02,157690.56999999998,24047.62,On Track,Training Facility Expansion,Operations,2024-09-01,2025-10-01,2020000.0,7
150,P012,2024-12-01,140140.74,132290.31999999998,24047.62,On Track,Training Facility Expansion,Operations,2024-09-01,2025-10-01,2020000.0,7
151,P012,2025-01-01,148022.18,157057.00999999998,24047.62,On Track,Training Facility Expansion,Operations,2024-09-01,2025-10-01,2020000.0,7
152,P012,2025-02-01,144181.21,145872.85,24047.62,On Track,Training Facility Expansion,Operations,2024-09-01,2025-10-01,2020000.0,7
153,P012,2025-03-01,150674.04,141760.59,24047.62,Over Budget,Training Facility Expansion,Operations,2024-09-01,2025-10-01,2020000.0,7
154,P012,2025-04-01,147021.2,144048.54,24047.62,On Track,Training Facility Expansion,Operations,2024-09-01,2025-10-01,2020000.0,7
155,P012,2025-05-01,143197.31,158931.5,24047.62,Delayed,Training Facility Expansion,Operations,2024-09-01,2025-10-01,2020000.0,7
156,P012,2025-06-01,148412.8,160486.31999999998,24047.62,Delayed,Training Facility Expansion,Operations,2024-09-01,2025-10-01,2020000.0,7
157,P012,2025-07-01,150813.11,151129.87999999998,24047.62,On Track,Training Facility Expansion,Operations,2024-09-01,2025-10-01,2020000.0,7
158,P012,2025-08-01,147695.48,143112.98,24047.62,On Track,Training Facility Expansion,Operations,2024-09-01,2025-10-01,2020000.0,7
159,P012,2025-09-01,145906.55,144007.68,24047.62,Delayed,Training Facility Expansion,Operations,2024-09-01,2025-10-01,2020000.0,7
160,P013,2024-02-01,277543.8,294062.01,56071.43,Delayed,Autonomous Tech Pilot,Operations,2024-02-01,2025-06-01,4710000.0,7
161,P013,2024-03-01,272967.72,330083.13999999996,56071.43,On Track,Autonomous Tech Pilot,Operations,2024-02-01,2025-06-01,4710000.0,7
162,P013,2024-04-01,272028.74,238999.32,56071.43,Over Budget,Autonomous Tech Pilot,Operations,2024-02-01,2025-06-01,4710000.0,7
163,P013,2024-05-01,282849.38,305241.51,56071.43,On Track,Autonomous Tech Pilot,Operations,2024-02-01,2025-06-01,4710000.0,7
164,P013,2024-06-01,280179.42,297784.37,56071.43,Over Budget,Autonomous Tech Pilot,Operations,2024-02-01,2025-06-01,4710000.0,7
165,P013,2024-07-01,276997.59,252143.86000000002,56071.43,On Track,Autonomous Tech Pilot,Operations,2024-02-01,2025-06-01,4710000.0,7
166,P013,2024-08-01,277437.85,258650.81999999998,56071.43,On Track,Autonomous Tech Pilot,Operations,2024-02-01,2025-06-01,4710000.0,7
167,P013,2024-09-01,281934.42,277788.37,56071.43,On Track,Autonomous Tech Pilot,Operations,2024-02-01,2025-06-01,4710000.0,7
168,P013,2024-10-01,272931.34,264159.71,56071.43,On Track,Autonomous Tech Pilot,Operations,2024-02-01,2025-06-01,4710000.0,7
169,P013,2024-11-01,279123.48,263388.6,56071.43,On Track,Autonomous Tech Pilot,Operations,2024-02-01,2025-06-01,4710000.0,7
170,P013,2024-12-01,272947.72,279599.11,56071.43,Delayed,Autonomous Tech Pilot,Operations,2024-02-01,2025-06-01,4710000.0,7
171,P013,2025-01-01,278283.66,264176.25999999995,56071.43,On Track,Autonomous Tech Pilot,Operations,2024-02-01,2025-06-01,4710000.0,7
172,P013,2025-02-01,274703.63,281078.13,56071.43,Delayed,Autonomous Tech Pilot,Operations,2024-02-01,2025-06-01,4710000.0,7
173,P013,2025-03-01,269818.4,231842.44000000003,56071.43,On Track,Autonomous Tech Pilot,Operations,2024-02-01,2025-06-01,4710000.0,7
174,P013,2025-04-01,273466.6,267629.52999999997,56071.43,On Track,Autonomous Tech Pilot,Operations,2024-02-01,2025-06-01,4710000.0,7
175,P013,2025-05-01,278613.36,319718.76,56071.43,On Track,Autonomous Tech Pilot,Operations,2024-02-01,2025-06-01,4710000.0,7
176,P014,2024-10-01,84538.3,83186.21,15285.71,On Track,AI Analytics Implementation,Operations,2024-10-01,2026-01-01,1284000.0,7
177,P014,2024-11-01,80154.92,72119.15,15285.71,On Track,AI Analytics Implementation,Operations,2024-10-01,2026-01-01,1284000.0,7
178,P014,2024-12-01,80157.43,77843.62,15285.71,On Track,AI Analytics Implementation,Operations,2024-10-01,2026-01-01,1284000.0,7
179,P014,2025-01-01,81863.59,75091.58,15285.71,On Track,AI Analytics Implementation,Operations,2024-10-01,2026-01-01,1284000.0,7
180,P014,2025-02-01,82846.73,95544.97,15285.71,On Track,AI Analytics Implementation,Operations,2024-10-01,2026-01-01,1284000.0,7
181,P014,2025-03-01,79706.2,82908.09,15285.71,On Track,AI Analytics Implementation,Operations,2024-10-01,2026-01-01,1284000.0,7
182,P014,2025-04-01,83700.72,80342.48,15285.71,Delayed,AI Analytics Implementation,Operations,2024-10-01,2026-01-01,1284000.0,7
183,P014,2025-05-01,81370.46,81472.92000000001,15285.71,Under Review,AI Analytics Implementation,Operations,2024-10-01,2026-01-01,1284000.0,7
184,P014,2025-06-01,80738.38,74497.22,15285.71,Over Budget,AI Analytics Implementation,Operations,2024-10-01,2026-01-01,1284000.0,7
185,P014,2025-07-01,80372.55,84375.09,15285.71,On Track,AI Analytics Implementation,Operations,2024-10-01,2026-01-01,1284000.0,7
186,P014,2025-08-01,87505.72,95899.89,15285.71,Over Budget,AI Analytics Implementation,Operations,2024-10-01,2026-01-01,1284000.0,7
187,P014,2025-09-01,91015.91,84031.83,15285.71,Over Budget,AI Analytics Implementation,Operations,2024-10-01,2026-01-01,1284000.0,7
188,P014,2025-10-01,84611.6,86162.89,15285.71,Over Budget,AI Analytics Implementation,Operations,2024-10-01,2026-01-01,1284000.0,7
189,P014,2025-11-01,91199.01,83827.40999999999,15285.71,On Track,AI Analytics Implementation,Operations,2024-10-01,2026-01-01,1284000.0,7
190,P014,2025-12-01,76051.39,71492.93,15285.71,On Track,AI Analytics Implementation,Operations,2024-10-01,2026-01-01,1284000.0,7
191,P015,2024-02-01,52088.85,49350.25,25083.33,On Track,Cloud Migration,Maintenance,2024-02-01,2026-01-01,1505000.0,5
192,P015,2024-03-01,58912.67,59798.68,25083.33,On Track,Cloud Migration,Maintenance,2024-02-01,2026-01-01,1505000.0,5
193,P015,2024-04-01,64417.11,76502.86,25083.33,Delayed,Cloud Migration,Maintenance,2024-02-01,2026-01-01,1505000.0,5
194,P015,2024-05-01,67460.45,63568.63,25083.33,On Track,Cloud Migration,Maintenance,2024-02-01,2026-01-01,1505000.0,5
195,P015,2024-06-01,58216.26,61080.03,25083.33,Over Budget,Cloud Migration,Maintenance,2024-02-01,2026-01-01,1505000.0,5
196,P015,2024-07-01,56107.17,66382.97,25083.33,Delayed,Cloud Migration,Maintenance,2024-02-01,2026-01-01,1505000.0,5
197,P015,2024-08-01,68605.53,65386.729999999996,25083.33,On Track,Cloud Migration,Maintenance,2024-02-01,2026-01-01,1505000.0,5
198,P015,2024-09-01,54142.66,61472.89,25083.33,Over Budget,Cloud Migration,Maintenance,2024-02-01,2026-01-01,1505000.0,5
199,P015,2024-10-01,62135.63,69826.88,25083.33,On Track,Cloud Migration,Maintenance,2024-02-01,2026-01-01,1505000.0,5
200,P015,2024-11-01,54736.2,51455.45,25083.33,Delayed,Cloud Migration,Maintenance,2024-02-01,2026-01-01,1505000.0,5
201,P015,2024-12-01,62734.55,63029.280000000006,25083.33,Delayed,Cloud Migration,Maintenance,2024-02-01,2026-01-01,1505000.0,5
202,P015,2025-01-01,60458.01,64223.64,25083.33,On Track,Cloud Migration,Maintenance,2024-02-01,2026-01-01,1505000.0,5
203,P015,2025-02-01,57370.23,56553.4,25083.33,Delayed,Cloud Migration,Maintenance,2024-02-01,2026-01-01,1505000.0,5
204,P015,2025-03-01,63309.81,66566.70999999999,25083.33,On Track,Cloud Migration,Maintenance,2024-02-01,2026-01-01,1505000.0,5
205,P015,2025-04-01,66266.41,58813.810000000005,25083.33,On Track,Cloud Migration,Maintenance,2024-02-01,2026-01-01,1505000.0,5
206,P015,2025-05-01,55037.76,62069.810000000005,25083.33,On Track,Cloud Migration,Maintenance,2024-02-01,2026-01-01,1505000.0,5
207,P015,2025-06-01,64369.9,59551.9,25083.33,On Track,Cloud Migration,Maintenance,2024-02-01,2026-01-01,1505000.0,5
208,P015,2025-07-01,70464.09,71279.18,25083.33,On Track,Cloud Migration,Maintenance,2024-02-01,2026-01-01,1505000.0,5
209,P015,2025-08-01,68604.82,69068.03000000001,25083.33,On Track,Cloud Migration,Maintenance,2024-02-01,2026-01-01,1505000.0,5
210,P015,2025-09-01,73012.07,85828.18000000001,25083.33,On Track,Cloud Migration,Maintenance,2024-02-01,2026-01-01,1505000.0,5
211,P015,2025-10-01,61463.51,67435.13,25083.33,Over Budget,Cloud Migration,Maintenance,2024-02-01,2026-01-01,1505000.0,5
212,P015,2025-11-01,65935.21,74959.31000000001,25083.33,On Track,Cloud Migration,Maintenance,2024-02-01,2026-01-01,1505000.0,5
213,P015,2025-12-01,57883.72,61854.840000000004,25083.33,Delayed,Cloud Migration,Maintenance,2024-02-01,2026-01-01,1505000.0,5
214,P016,2024-07-01,327958.79,270279.38,48400.0,Over Budget,Environmental Compliance Retrofit,Operations,2024-07-01,2025-03-01,2904000.0,5
215,P016,2024-08-01,316750.37,252157.62,48400.0,Under Review,Environmental Compliance Retrofit,Operations,2024-07-01,2025-03-01,2904000.0,5
216,P016,2024-09-01,321319.63,344375.67,48400.0,On Track,Environmental Compliance Retrofit,Operations,2024-07-01,2025-03-01,2904000.0,5
217,P016,2024-10-01,330178.45,332624.9,48400.0,On Track,Environmental Compliance Retrofit,Operations,2024-07-01,2025-03-01,2904000.0,5
218,P016,2024-11-01,330809.74,285154.64,48400.0,Delayed,Environmental Compliance Retrofit,Operations,2024-07-01,2025-03-01,2904000.0,5
219,P016,2024-12-01,314149.75,312404.72,48400.0,Over Budget,Environmental Compliance Retrofit,Operations,2024-07-01,2025-03-01,2904000.0,5
220,P016,2025-01-01,324586.99,323525.76,48400.0,On Track,Environmental Compliance Retrofit,Operations,2024-07-01,2025-03-01,2904000.0,5
221,P016,2025-02-01,312329.46,309545.98000000004,48400.0,Delayed,Environmental Compliance Retrofit,Operations,2024-07-01,2025-03-01,2904000.0,5
222,P017,2025-01-01,200560.99,213992.00999999998,69027.78,Delayed,Satellite Tracking Upgrade,Maintenance,2025-01-01,2025-12-01,2485000.0,3
223,P017,2025-02-01,208916.32,189280.7,69027.78,Delayed,Satellite Tracking Upgrade,Maintenance,2025-01-01,2025-12-01,2485000.0,3
224,P017,2025-03-01,204514.0,182851.6,69027.78,Delayed,Satellite Tracking Upgrade,Maintenance,2025-01-01,2025-12-01,2485000.0,3
225,P017,2025-04-01,206769.94,226519.41,69027.78,On Track,Satellite Tracking Upgrade,Maintenance,2025-01-01,2025-12-01,2485000.0,3
226,P017,2025-05-01,202154.7,212344.24000000002,69027.78,On Track,Satellite Tracking Upgrade,Maintenance,2025-01-01,2025-12-01,2485000.0,3
227,P017,2025-06-01,204432.05,188223.19,69027.78,On Track,Satellite Tracking Upgrade,Maintenance,2025-01-01,2025-12-01,2485000.0,3
228,P017,2025-07-01,206548.18,185165.44,69027.78,Delayed,Satellite Tracking Upgrade,Maintenance,2025-01-01,2025-12-01,2485000.0,3
229,P017,2025-08-01,204315.09,179840.63999999998,69027.78,Over Budget,Satellite Tracking Upgrade,Maintenance,2025-01-01,2025-12-01,2485000.0,3
230,P017,2025-09-01,216906.96,217671.85,69027.78,On Track,Satellite Tracking Upgrade,Maintenance,2025-01-01,2025-12-01,2485000.0,3
231,P017,2025-10-01,203584.71,207941.00999999998,69027.78,Over Budget,Satellite Tracking Upgrade,Maintenance,2025-01-01,2025-12-01,2485000.0,3
232,P017,2025-11-01,206521.69,201958.19,69027.78,Delayed,Satellite Tracking Upgrade,Maintenance,2025-01-01,2025-12-01,2485000.0,3
233,P018,2024-08-01,127348.61,136995.37,62138.89,On Track,Control Room Redesign,Facilities,2024-08-01,2026-01-01,2237000.0,3
234,P018,2024-09-01,121625.27,114621.87000000001,62138.89,On Track,Control Room Redesign,Facilities,2024-08-01,2026-01-01,2237000.0,3
235,P018,2024-10-01,122902.52,94611.33,62138.89,On Track,Control Room Redesign,Facilities,2024-08-01,2026-01-01,2237000.0,3
236,P018,2024-11-01,116701.82,132653.49000000002,62138.89,On Track,Control Room Redesign,Facilities,2024-08-01,2026-01-01,2237000.0,3
237,P018,2024-12-01,132502.62,129202.83,62138.89,On Track,Control Room Redesign,Facilities,2024-08-01,2026-01-01,2237000.0,3
238,P018,2025-01-01,127160.56,131118.43,62138.89,On Track,Control Room Redesign,Facilities,2024-08-01,2026-01-01,2237000.0,3
239,P018,2025-02-01,139672.18,155309.53,62138.89,On Track,Control Room Redesign,Facilities,2024-08-01,2026-01-01,2237000.0,3
240,P018,2025-03-01,123638.19,111824.06,62138.89,Delayed,Control Room Redesign,Facilities,2024-08-01,2026-01-01,2237000.0,3
241,P018,2025-04-01,116245.55,118610.72,62138.89,On Track,Control Room Redesign,Facilities,2024-08-01,2026-01-01,2237000.0,3
242,P018,2025-05-01,120496.02,103358.43000000001,62138.89,Over Budget,Control Room Redesign,Facilities,2024-08-01,2026-01-01,2237000.0,3
243,P018,2025-06-01,121044.91,107953.32,62138.89,Under Review,Control Room Redesign,Facilities,2024-08-01,2026-01-01,2237000.0,3
244,P018,2025-07-01,132713.49,144414.03999999998,62138.89,On Track,Control Room Redesign,Facilities,2024-08-01,2026-01-01,2237000.0,3
245,P018,2025-08-01,124237.91,142624.43,62138.89,Over Budget,Control Room Redesign,Facilities,2024-08-01,2026-01-01,2237000.0,3
246,P018,2025-09-01,124664.62,113927.45,62138.89,On Track,Control Room Redesign,Facilities,2024-08-01,2026-01-01,2237000.0,3
247,P018,2025-10-01,131893.4,139001.27,62138.89,Delayed,Control Room Redesign,Facilities,2024-08-01,2026-01-01,2237000.0,3
248,P018,2025-11-01,119091.55,116824.78,62138.89,On Track,Control Room Redesign,Facilities,2024-08-01,2026-01-01,2237000.0,3
249,P018,2025-12-01,119899.69,103319.96,62138.89,On Track,Control Room Redesign,Facilities,2024-08-01,2026-01-01,2237000.0,3
250,P019,2024-04-01,209408.67,249393.51,30716.67,Delayed,Emergency Power Backup,R&D,2024-04-01,2024-12-01,1843000.0,5
251,P019,2024-05-01,197784.94,208919.62,30716.67,On Track,Emergency Power Backup,R&D,2024-04-01,2024-12-01,1843000.0,5
252,P019,2024-06-01,201524.56,191707.79,30716.67,Over Budget,Emergency Power Backup,R&D,2024-04-01,2024-12-01,1843000.0,5
253,P019,2024-07-01,201815.81,184379.11,30716.67,On Track,Emergency Power Backup,R&D,2024-04-01,2024-12-01,1843000.0,5
254,P019,2024-08-01,205020.39,187984.22000000003,30716.67,On Track,Emergency Power Backup,R&D,2024-04-01,2024-12-01,1843000.0,5
255,P019,2024-09-01,206130.06,205094.5,30716.67,On Track,Emergency Power Backup,R&D,2024-04-01,2024-12-01,1843000.0,5
256,P019,2024-10-01,203583.04,185106.58000000002,30716.67,On Track,Emergency Power Backup,R&D,2024-04-01,2024-12-01,1843000.0,5
257,P019,2024-11-01,201893.92,217144.81,30716.67,On Track,Emergency Power Backup,R&D,2024-04-01,2024-12-01,1843000.0,5
258,P020,2024-07-01,262557.22,236890.8,58821.43,Delayed,Hydraulic System Replacement,Facilities,2024-07-01,2026-01-01,4941000.0,7
259,P020,2024-08-01,260549.29,280126.63,58821.43,On Track,Hydraulic System Replacement,Facilities,2024-07-01,2026-01-01,4941000.0,7
260,P020,2024-09-01,251705.61,265382.29,58821.43,On Track,Hydraulic System Replacement,Facilities,2024-07-01,2026-01-01,4941000.0,7
261,P020,2024-10-01,256739.51,271389.03,58821.43,On Track,Hydraulic System Replacement,Facilities,2024-07-01,2026-01-01,4941000.0,7
262,P020,2024-11-01,256236.34,209988.7,58821.43,On Track,Hydraulic System Replacement,Facilities,2024-07-01,2026-01-01,4941000.0,7
263,P020,2024-12-01,251914.92,253126.25,58821.43,On Track,Hydraulic System Replacement,Facilities,2024-07-01,2026-01-01,4941000.0,7
264,P020,2025-01-01,261351.24,237716.81,58821.43,On Track,Hydraulic System Replacement,Facilities,2024-07-01,2026-01-01,4941000.0,7
265,P020,2025-02-01,263245.59,219506.81000000003,58821.43,On Track,Hydraulic System Replacement,Facilities,2024-07-01,2026-01-01,4941000.0,7
266,P020,2025-03-01,259722.23,228269.45,58821.43,Under Review,Hydraulic System Replacement,Facilities,2024-07-01,2026-01-01,4941000.0,7
267,P020,2025-04-01,256793.45,258010.62000000002,58821.43,On Track,Hydraulic System Replacement,Facilities,2024-07-01,2026-01-01,4941000.0,7
268,P020,2025-05-01,255750.56,245915.53,58821.43,On Track,Hydraulic System Replacement,Facilities,2024-07-01,2026-01-01,4941000.0,7
269,P020,2025-06-01,265084.1,249791.61,58821.43,On Track,Hydraulic System Replacement,Facilities,2024-07-01,2026-01-01,4941000.0,7
270,P020,2025-07-01,264231.09,234380.72000000003,58821.43,On Track,Hydraulic System Replacement,Facilities,2024-07-01,2026-01-01,4941000.0,7
271,P020,2025-08-01,262701.65,300571.9,58821.43,On Track,Hydraulic System Replacement,Facilities,2024-07-01,2026-01-01,4941000.0,7
272,P020,2025-09-01,247694.41,227955.76,58821.43,Over Budget,Hydraulic System Replacement,Facilities,2024-07-01,2026-01-01,4941000.0,7
273,P020,2025-10-01,262937.99,257599.16,58821.43,On Track,Hydraulic System Replacement,Facilities,2024-07-01,2026-01-01,4941000.0,7
274,P020,2025-11-01,261908.36,246089.47999999998,58821.43,Delayed,Hydraulic System Replacement,Facilities,2024-07-01,2026-01-01,4941000.0,7
275,P020,2025-12-01,260485.58,256430.40999999997,58821.43,On Track,Hydraulic System Replacement,Facilities,2024-07-01,2026-01-01,4941000.0,7
276,P021,2025-02-01,140005.58,143567.61,44722.22,Over Budget,Parts Warehouse Buildout,R&D,2025-02-01,2026-01-01,1610000.0,3
277,P021,2025-03-01,135854.68,130259.14,44722.22,On Track,Parts Warehouse Buildout,R&D,2025-02-01,2026-01-01,1610000.0,3
278,P021,2025-04-01,131728.64,126030.61000000002,44722.22,On Track,Parts Warehouse Buildout,R&D,2025-02-01,2026-01-01,1610000.0,3
279,P021,2025-05-01,136138.93,130407.68999999999,44722.22,Delayed,Parts Warehouse Buildout,R&D,2025-02-01,2026-01-01,1610000.0,3
280,P021,2025-06-01,135615.54,163761.2,44722.22,On Track,Parts Warehouse Buildout,R&D,2025-02-01,2026-01-01,1610000.0,3
281,P021,2025-07-01,138522.29,134006.14,44722.22,Over Budget,Parts Warehouse Buildout,R&D,2025-02-01,2026-01-01,1610000.0,3
282,P021,2025-08-01,140172.74,134452.63999999998,44722.22,On Track,Parts Warehouse Buildout,R&D,2025-02-01,2026-01-01,1610000.0,3
283,P021,2025-09-01,123976.04,111478.18999999999,44722.22,On Track,Parts Warehouse Buildout,R&D,2025-02-01,2026-01-01,1610000.0,3
284,P021,2025-10-01,124812.71,120425.37000000001,44722.22,On Track,Parts Warehouse Buildout,R&D,2025-02-01,2026-01-01,1610000.0,3
285,P021,2025-11-01,134258.76,156766.40000000002,44722.22,Delayed,Parts Warehouse Buildout,R&D,2025-02-01,2026-01-01,1610000.0,3
286,P021,2025-12-01,135801.3,132825.88999999998,44722.22,On Track,Parts Warehouse Buildout,R&D,2025-02-01,2026-01-01,1610000.0,3
287,P022,2024-08-01,335147.03,261041.49000000005,35464.29,On Track,Avionics Modernization,Maintenance,2024-08-01,2025-04-01,2979000.0,7
288,P022,2024-09-01,332178.07,357784.52,35464.29,On Track,Avionics Modernization,Maintenance,2024-08-01,2025-04-01,2979000.0,7
289,P022,2024-10-01,323607.07,360619.76,35464.29,On Track,Avionics Modernization,Maintenance,2024-08-01,2025-04-01,2979000.0,7
290,P022,2024-11-01,332692.48,318876.16,35464.29,Under Review,Avionics Modernization,Maintenance,2024-08-01,2025-04-01,2979000.0,7
291,P022,2024-12-01,334163.91,410042.26999999996,35464.29,On Track,Avionics Modernization,Maintenance,2024-08-01,2025-04-01,2979000.0,7
292,P022,2025-01-01,331909.33,340148.0,35464.29,Under Review,Avionics Modernization,Maintenance,2024-08-01,2025-04-01,2979000.0,7
293,P022,2025-02-01,328703.2,300768.54000000004,35464.29,Over Budget,Avionics Modernization,Maintenance,2024-08-01,2025-04-01,2979000.0,7
294,P022,2025-03-01,335151.68,306459.89,35464.29,Delayed,Avionics Modernization,Maintenance,2024-08-01,2025-04-01,2979000.0,7
295,P023,2024-11-01,221024.5,210467.1,39404.76,Delayed,Engineering Lab Upgrade,IT,2024-11-01,2026-01-01,3310000.0,7
296,P023,2024-12-01,223061.57,230504.29,39404.76,Delayed,Engineering Lab Upgrade,IT,2024-11-01,2026-01-01,3310000.0,7
297,P023,2025-01-01,225854.37,214335.43,39404.76,On Track,Engineering Lab Upgrade,IT,2024-11-01,2026-01-01,3310000.0,7
298,P023,2025-02-01,219317.29,197851.31,39404.76,Over Budget,Engineering Lab Upgrade,IT,2024-11-01,2026-01-01,3310000.0,7
299,P023,2025-03-01,218445.2,226687.15000000002,39404.76,Under Review,Engineering Lab Upgrade,IT,2024-11-01,2026-01-01,3310000.0,7
300,P023,2025-04-01,224451.61,203753.46,39404.76,On Track,Engineering Lab Upgrade,IT,2024-11-01,2026-01-01,3310000.0,7
301,P023,2025-05-01,225014.7,255518.54,39404.76,Over Budget,Engineering Lab Upgrade,IT,2024-11-01,2026-01-01,3310000.0,7
302,P023,2025-06-01,222733.84,264536.43,39404.76,On Track,Engineering Lab Upgrade,IT,2024-11-01,2026-01-01,3310000.0,7
303,P023,2025-07-01,216797.72,189813.89,39404.76,Under Review,Engineering Lab Upgrade,IT,2024-11-01,2026-01-01,3310000.0,7
304,P023,2025-08-01,211773.07,243455.26,39404.76,On Track,Engineering Lab Upgrade,IT,2024-11-01,2026-01-01,3310000.0,7
305,P023,2025-09-01,223938.49,222693.74,39404.76,On Track,Engineering Lab Upgrade,IT,2024-11-01,2026-01-01,3310000.0,7
306,P023,2025-10-01,222066.51,197073.17,39404.76,On Track,Engineering Lab Upgrade,IT,2024-11-01,2026-01-01,3310000.0,7
307,P023,2025-11-01,232895.43,235904.93,39404.76,On Track,Engineering Lab Upgrade,IT,2024-11-01,2026-01-01,3310000.0,7
308,P023,2025-12-01,221213.64,237268.59000000003,39404.76,On Track,Engineering Lab Upgrade,IT,2024-11-01,2026-01-01,3310000.0,7
309,P024,2024-08-01,242182.82,247604.91,119888.89,Delayed,Maintenance Tooling Update,Facilities,2024-08-01,2026-01-01,4316000.0,3
310,P024,2024-09-01,235825.41,246943.83000000002,119888.89,On Track,Maintenance Tooling Update,Facilities,2024-08-01,2026-01-01,4316000.0,3
311,P024,2024-10-01,249187.9,282714.14,119888.89,On Track,Maintenance Tooling Update,Facilities,2024-08-01,2026-01-01,4316000.0,3
312,P024,2024-11-01,247743.71,235078.66,119888.89,On Track,Maintenance Tooling Update,Facilities,2024-08-01,2026-01-01,4316000.0,3
313,P024,2024-12-01,234829.75,231875.9,119888.89,On Track,Maintenance Tooling Update,Facilities,2024-08-01,2026-01-01,4316000.0,3
314,P024,2025-01-01,240056.4,266323.17,119888.89,On Track,Maintenance Tooling Update,Facilities,2024-08-01,2026-01-01,4316000.0,3
315,P024,2025-02-01,231315.45,266696.31,119888.89,On Track,Maintenance Tooling Update,Facilities,2024-08-01,2026-01-01,4316000.0,3
316,P024,2025-03-01,238987.74,228785.81,119888.89,On Track,Maintenance Tooling Update,Facilities,2024-08-01,2026-01-01,4316000.0,3
317,P024,2025-04-01,234717.26,195874.92,119888.89,On Track,Maintenance Tooling Update,Facilities,2024-08-01,2026-01-01,4316000.0,3
318,P024,2025-05-01,243893.63,245681.81,119888.89,Delayed,Maintenance Tooling Update,Facilities,2024-08-01,2026-01-01,4316000.0,3
319,P024,2025-06-01,233327.97,203110.16,119888.89,Over Budget,Maintenance Tooling Update,Facilities,2024-08-01,2026-01-01,4316000.0,3
320,P024,2025-07-01,238098.85,277838.06,119888.89,Delayed,Maintenance Tooling Update,Facilities,2024-08-01,2026-01-01,4316000.0,3
321,P024,2025-08-01,238479.82,202632.89,119888.89,On Track,Maintenance Tooling Update,Facilities,2024-08-01,2026-01-01,4316000.0,3
322,P024,2025-09-01,238549.06,232043.26,119888.89,On Track,Maintenance Tooling Update,Facilities,2024-08-01,2026-01-01,4316000.0,3
323,P024,2025-10-01,226293.34,225064.68,119888.89,Over Budget,Maintenance Tooling Update,Facilities,2024-08-01,2026-01-01,4316000.0,3
324,P024,2025-11-01,238623.11,255236.19999999998,119888.89,On Track,Maintenance Tooling Update,Facilities,2024-08-01,2026-01-01,4316000.0,3
325,P024,2025-12-01,249022.56,277076.57,119888.89,Delayed,Maintenance Tooling Update,Facilities,2024-08-01,2026-01-01,4316000.0,3
326,P025,2024-03-01,95655.56,85071.01999999999,29100.0,On Track,Fleet Management System,Operations,2024-03-01,2025-08-01,1746000.0,5
327,P025,2024-04-01,109866.8,110517.41,29100.0,On Track,Fleet Management System,Operations,2024-03-01,2025-08-01,1746000.0,5
328,P025,2024-05-01,97069.65,96835.47,29100.0,On Track,Fleet Management System,Operations,2024-03-01,2025-08-01,1746000.0,5
329,P025,2024-06-01,97990.42,96575.83,29100.0,On Track,Fleet Management System,Operations,2024-03-01,2025-08-01,1746000.0,5
330,P025,2024-07-01,94131.69,88984.01000000001,29100.0,On Track,Fleet Management System,Operations,2024-03-01,2025-08-01,1746000.0,5
331,P025,2024-08-01,96836.23,91573.91,29100.0,On Track,Fleet Management System,Operations,2024-03-01,2025-08-01,1746000.0,5
332,P025,2024-09-01,93435.77,94430.21,29100.0,On Track,Fleet Management System,Operations,2024-03-01,2025-08-01,1746000.0,5
333,P025,2024-10-01,95725.11,110122.1,29100.0,Delayed,Fleet Management System,Operations,2024-03-01,2025-08-01,1746000.0,5
334,P025,2024-11-01,83745.15,92885.98999999999,29100.0,On Track,Fleet Management System,Operations,2024-03-01,2025-08-01,1746000.0,5
335,P025,2024-12-01,103230.43,81826.73,29100.0,Delayed,Fleet Management System,Operations,2024-03-01,2025-08-01,1746000.0,5
336,P025,2025-01-01,95286.56,91747.23,29100.0,On Track,Fleet Management System,Operations,2024-03-01,2025-08-01,1746000.0,5
337,P025,2025-02-01,89962.44,82965.01000000001,29100.0,On Track,Fleet Management System,Operations,2024-03-01,2025-08-01,1746000.0,5
338,P025,2025-03-01,91447.12,107471.12999999999,29100.0,Delayed,Fleet Management System,Operations,2024-03-01,2025-08-01,1746000.0,5
339,P025,2025-04-01,101678.39,114607.36,29100.0,On Track,Fleet Management System,Operations,2024-03-01,2025-08-01,1746000.0,5
340,P025,2025-05-01,100608.36,89249.16,29100.0,On Track,Fleet Management System,Operations,2024-03-01,2025-08-01,1746000.0,5
341,P025,2025-06-01,94377.4,98995.98999999999,29100.0,On Track,Fleet Management System,Operations,2024-03-01,2025-08-01,1746000.0,5
342,P025,2025-07-01,90889.36,97369.76,29100.0,On Track,Fleet Management System,Operations,2024-03-01,2025-08-01,1746000.0,5
